PRIMARY_CATEGORY_LEVEL_1,PRIMARY_CATEGORY_LEVEL_2,PRIMARY_CATEGORY_LEVEL_3,PRIMARY_CATEGORY_LEVEL_4,LIVE_LISTINGS
Art,Paintings,Abstract Paintings,,50494
Art,Paintings,Landscape Paintings,,37994
Art,Prints and Multiples,Figurative Prints,,35132
Art,Paintings,Figurative Paintings,,32675
Art,Photography,Color Photography,,28984
Art,Photography,Black and White Photography,,23467
Art,Paintings,,,17933
Art,Prints and Multiples,Abstract Prints,,17828
Art,Mixed Media,,,14468
Art,Prints and Multiples,,,14325
Art,Drawings and Watercolor Paintings,Figurative Drawings and Watercolors,,13132
Art,Paintings,Still-life Paintings,,9777
Art,Prints and Multiples,Landscape Prints,,9332
Art,More Art,,,9235
Art,Photography,Figurative Photography,,9094
Art,Sculptures,Figurative Sculptures,,9080
Art,Paintings,Portrait Paintings,,8744
Art,Photography,Landscape Photography,,8548
Art,Sculptures,Abstract Sculptures,,7687
Art,Photography,Portrait Photography,,6863
Art,Drawings and Watercolor Paintings,Landscape Drawings and Watercolors,,6370
Art,Paintings,Animal Paintings,,5517
Art,Drawings and Watercolor Paintings,Abstract Drawings and Watercolors,,5236
Art,Prints and Multiples,Portrait Prints,,4647
Art,Photography,,,4534
Art,Prints and Multiples,More Prints,,4084
Art,Drawings and Watercolor Paintings,,,4012
Art,Prints and Multiples,Animal Prints,,3814
Art,Photography,Abstract Photography,,3045
Art,Sculptures,,,2972
Art,Paintings,Interior Paintings,,2917
Art,Prints and Multiples,Still-life Prints,,2615
Art,Drawings and Watercolor Paintings,Portrait Drawings and Watercolors,,2146
Art,Photography,Still-life Photography,,2097
Art,Paintings,Nude Paintings,,2040
Art,Photography,Nude Photography,,1934
Art,Drawings and Watercolor Paintings,Animal Drawings and Watercolors,,1817
Art,Drawings and Watercolor Paintings,Still-life Drawings and Watercolors,,1518
Art,Prints and Multiples,Nude Prints,,1399
Art,Drawings and Watercolor Paintings,Nude Drawings and Watercolors,,1357
Art,Sculptures,Still-life Sculptures,,1135
Art,Prints and Multiples,Interior Prints,,962
Art,Sculptures,Nude Sculptures,,495
Art,Drawings and Watercolor Paintings,Interior Drawings and Watercolors,,476
Art,,,,65
Fashion,Clothing,Evening Dresses and Gowns,Cocktail Dresses,4303
Fashion,Accessories,Sunglasses,,4029
Fashion,Accessories,Scarves,,4014
Fashion,Clothing,Jackets,Jackets,3255
Fashion,Clothing,Evening Dresses and Gowns,,2906
Fashion,Clothing,Day Dresses,,2891
Fashion,Handbags and Purses,Top Handle Bags,,2761
Fashion,Clothing,Coats and Outerwear,Coats,2386
Fashion,Handbags and Purses,Shoulder Bags,,2368
Fashion,Clothing,Shirts,Blouses and Tops,2329
Fashion,Accessories,Shoes,,2218
Fashion,Clothing,Day Dresses,Casual Dresses,2021
Fashion,Handbags and Purses,Crossbody Bags and Messenger Bags,,1976
Fashion,Clothing,Jackets,,1944
Fashion,Clothing,Jackets,Blazers,1889
Fashion,Handbags and Purses,Shoulder Bags,Structured Shoulder Bags,1822
Fashion,Clothing,"Suits, Outfits and Ensembles",Skirt Suits,1622
Fashion,Clothing,Sweaters,Pullovers,1598
Fashion,Clothing,Evening Dresses and Gowns,Evening Gowns,1551
Fashion,Clothing,Day Dresses,Cocktail Dresses,1537
Fashion,Accessories,Belts,,1528
Fashion,Clothing,Pants,Pants,1414
Fashion,Clothing,Evening Dresses and Gowns,Evening Dresses,1408
Fashion,Clothing,Skirts,,1298
Fashion,Handbags and Purses,Tote Bags,,1280
Fashion,Clothing,Blouses,,1279
Fashion,Clothing,Coats and Outerwear,,1269
Fashion,Handbags and Purses,Clutches,,1252
Fashion,Clothing,Shoes,Shoes,1170
Fashion,Accessories,Hats,,1027
Fashion,Clothing,Shirts,,1001
Fashion,Clothing,Sweaters,Cardigans,912
Fashion,Handbags and Purses,Evening Bags and Minaudières,,907
Fashion,Clothing,Skirts,A-Line Skirts,847
Fashion,Clothing,"Suits, Outfits and Ensembles",,844
Fashion,Clothing,Skirts,Pencil Skirts,833
Fashion,Clothing,Shoes,Heels,801
Fashion,Clothing,Shirts,T-Shirts,801
Fashion,Clothing,Shoes,Boots,787
Fashion,Clothing,Shoes,Sandals,671
Fashion,Clothing,Pants,,666
Fashion,Clothing,Shoes,High Heels,637
Fashion,Handbags and Purses,Wallets and Small Accessories,Wallets,632
Fashion,Clothing,"Suits, Outfits and Ensembles",Trouser Pant Suits,608
Fashion,Clothing,Evening Dresses and Gowns,Day Dresses,600
Fashion,Clothing,Pants,Jeans,575
Fashion,Clothing,Shirts,Collars,548
Fashion,Clothing,Jackets,Vests,499
Fashion,Clothing,Day Dresses,Mini Dresses,471
Fashion,Clothing,Day Dresses,Maxi Dresses,439
Fashion,Clothing,"Suits, Outfits and Ensembles",Dress and Coat Ensembles,388
Fashion,Clothing,"Suits, Outfits and Ensembles",Jumpsuits,384
Fashion,Clothing,Evening Dresses and Gowns,Mini Dress,376
Fashion,Clothing,Evening Dresses and Gowns,Maxi Dress,350
Fashion,Clothing,Coats and Outerwear,Trench Coats,346
Fashion,Handbags and Purses,Wallets and Small Accessories,,343
Fashion,Handbags and Purses,Shoulder Bags,Hobo Bags,329
Fashion,Handbags and Purses,Backpacks,,327
Fashion,Clothing,Jackets,Single-Breasted Jackets,324
Fashion,Clothing,Sweaters,,323
Fashion,Clothing,Day Dresses,Formal Gowns,317
Fashion,Clothing,Shoes,,312
Fashion,Ephemera,Other,,307
Fashion,Clothing,Jackets,Cropped Jackets,298
Fashion,Clothing,"Suits, Outfits and Ensembles",Twin Sets,297
Fashion,Clothing,Shirts,Tank Tops,286
Fashion,Accessories,Ties,,277
Fashion,Accessories,Gloves,,266
Fashion,Clothing,Day Dresses,Aesthetic Day Dresses,254
Fashion,Handbags and Purses,Luggage and Travel Bags,Duffel Bags and Carry-On Bags,249
Fashion,Accessories,Neckties,,238
Fashion,Clothing,Skirts,Pleated Skirts,224
Fashion,Clothing,Shoes,Ankle Boots,216
Fashion,Clothing,Shorts,Hot Pants,214
Fashion,Clothing,Shirts,Tunics,206
Fashion,Clothing,Shoes,Brogues,206
Fashion,Clothing,Pants,Wide Leg Pants,203
Fashion,Ephemera,Miscellaneous,,203
Fashion,Handbags and Purses,Shoulder Bags,Bucket Bags and Drawstring Bags,202
Fashion,Clothing,Shirts,Bustiers,202
Fashion,Clothing,Pants,Jumpsuits,197
Fashion,Clothing,Swimwear,Swimwear,185
Fashion,Clothing,Coats and Outerwear,Capes,179
Fashion,Ephemera,Decorative Objects,,178
Fashion,Clothing,Shirts,Crop Tops,178
Fashion,Clothing,Skirts,Flare Skirts,170
Fashion,Clothing,Shorts,Bermuda Shorts,169
Fashion,Handbags and Purses,Wallets and Small Accessories,Pouches and Wristlets,166
Fashion,Clothing,Day Dresses,Shift Dresses,165
Fashion,Clothing,Jackets,Double-Breasted Jackets,163
Fashion,Clothing,Evening Dresses and Gowns,Wedding Dresses,163
Fashion,Clothing,Day Dresses,Kaftans,159
Fashion,Clothing,Shirts,Chemises,159
Fashion,Clothing,Coats and Outerwear,Fur Puffer Coats,152
Fashion,Ephemera,Ashtrays,,152
Fashion,Clothing,Evening Dresses and Gowns,Aesthetic Evening Dresses,146
Fashion,Accessories,Handkerchiefs,,145
Fashion,Clothing,Shoes,Low Heels,142
Fashion,Clothing,Coats and Outerwear,Bomber Jackets,139
Fashion,Handbags and Purses,Novelty Bags,,138
Fashion,Handbags and Purses,Luggage and Travel Bags,Suitcases and Trunks,129
Fashion,Clothing,Shirts,Blousons,129
Fashion,Clothing,Skirts,Wrap Skirts,126
Fashion,Clothing,Coats and Outerwear,Shawls,123
Fashion,Handbags and Purses,Wallets and Small Accessories,Tech Accessories and Cases,122
Fashion,Clothing,Evening Dresses and Gowns,Ball Gowns,121
Fashion,Clothing,Day Dresses,Sheath Dresses,119
Fashion,Handbags and Purses,Wallets and Small Accessories,Belt Bags,116
Fashion,Clothing,Pants,Flat Front Pants,116
Fashion,Clothing,Day Dresses,Informal Dresses,115
Fashion,Clothing,Jackets,Bolero Jackets,108
Fashion,Handbags and Purses,Luggage and Travel Bags,,101
Fashion,Clothing,Evening Dresses and Gowns,Caftans,97
Fashion,Ephemera,For The Table,,96
Fashion,Clothing,Jackets,Dinner Jackets,96
Fashion,Accessories,Waist Belts,,94
Fashion,Handbags and Purses,Briefcases and Attachés,,94
Fashion,Clothing,Lingerie,Robes,91
Fashion,Clothing,Shorts,,91
Fashion,Clothing,Lingerie,Bodysuits,90
Fashion,Clothing,Lingerie,Corsets,88
Fashion,Clothing,Swimwear,Beachwear,87
Fashion,Clothing,Sweaters,Sweater Vests,87
Fashion,Clothing,Shoes,Moccasins,86
Fashion,Ephemera,Pillows and Throws,,85
Fashion,Clothing,Swimwear,,83
Fashion,Ephemera,For The Desk,,82
Fashion,Clothing,Jackets,Anoraks and Parkas,81
Fashion,Clothing,Lingerie,Loungewear,80
Fashion,Clothing,Swimwear,Bikinis,79
Fashion,Clothing,Skirts,Ruffled Skirts,79
Fashion,Clothing,Coats and Outerwear,Hooded Jackets,77
Fashion,Clothing,"Suits, Outfits and Ensembles",Loungewear,72
Fashion,Accessories,Bandeaus,,71
Fashion,Clothing,Shirts,Sleeveless Shirts,70
Fashion,Clothing,Lingerie,Slips,70
Fashion,Clothing,"Suits, Outfits and Ensembles",Pajamas,69
Fashion,Clothing,Day Dresses,Chemise Dresses,66
Fashion,Clothing,Shoes,Strap Sandals,65
Fashion,Clothing,Coats and Outerwear,Stoles,65
Fashion,Clothing,Coats and Outerwear,Opera Coats,64
Fashion,Accessories,Caps,,63
Fashion,Clothing,Coats and Outerwear,Overcoats,63
Fashion,Clothing,Evening Dresses and Gowns,Shift Cocktail Dresses,59
Fashion,Clothing,Day Dresses,Babydoll Day Dresses,59
Fashion,Clothing,Shoes,Slippers,59
Fashion,Clothing,Lingerie,,58
Fashion,Clothing,Lingerie,Bras,57
Fashion,Ephemera,Textiles and Quilts,,56
Fashion,Clothing,Day Dresses,Formal Wear,56
Fashion,Clothing,Coats and Outerwear,Car Coats,55
Fashion,Clothing,Jackets,Tuxedo Jackets,53
Fashion,Clothing,Evening Dresses and Gowns,Sheath Dresses,53
Fashion,Clothing,Skirts,Circle Skirts,52
Fashion,Clothing,Skirts,Puff Skirts,48
Fashion,Ephemera,Toys,,47
Fashion,Clothing,Shirts,Nautical Shirts,46
Fashion,Ephemera,Jewelry Boxes,,45
Fashion,Handbags and Purses,Wallets and Small Accessories,Cosmetic Bags,45
Fashion,Clothing,Shirts,Halter Tops,45
Fashion,Clothing,Shirts,Camisoles and Shell Tops,45
Fashion,Clothing,Shirts,Camisoles,44
Fashion,Clothing,Lingerie,Negligees,44
Fashion,Ephemera,Curiosities,,43
Fashion,Ephemera,Games,,42
Fashion,Clothing,Day Dresses,Tunics and Wrap Dresses,41
Fashion,Clothing,Evening Dresses and Gowns,Babydoll Dresses,40
Fashion,Ephemera,Boxes,,38
Fashion,Clothing,Coats and Outerwear,Swing Coats,38
Fashion,Clothing,Evening Dresses and Gowns,Summer Dresses,37
Fashion,Clothing,Shirts,Bodices,37
Fashion,Clothing,Jackets,Capes,37
Fashion,Handbags and Purses,,,36
Fashion,Accessories,Berets,,36
Fashion,Clothing,Jackets,Sport Jackets,33
Fashion,Clothing,Coats and Outerwear,Raincoats,33
Fashion,Ephemera,Ceramics,,33
Fashion,Clothing,Evening Dresses and Gowns,Empire Waist Dresses,32
Fashion,Clothing,Shirts,Shirt Waists,32
Fashion,Clothing,Coats and Outerwear,Anoraks and Parkas,31
Fashion,Clothing,Coats and Outerwear,Ponchos,30
Fashion,Clothing,Sportswear,Sweat Suits,29
Fashion,Clothing,Shoes,Clogs Mules,27
Fashion,Clothing,Day Dresses,Empire Waist Dresses,27
Fashion,Clothing,Day Dresses,Wedding Dresses,27
Fashion,Clothing,Evening Dresses and Gowns,Informal Dresses,27
Fashion,Clothing,Coats and Outerwear,Cocoon Coats,27
Fashion,Clothing,Evening Dresses and Gowns,Delphos Gowns,27
Fashion,Clothing,Coats and Outerwear,Caftans,27
Fashion,Clothing,Evening Dresses and Gowns,Chemises,26
Fashion,Clothing,Pants,Pleated Pants,26
Fashion,Clothing,Sportswear,,25
Fashion,Accessories,Bandannas,,25
Fashion,Ephemera,Barware,,25
Fashion,Accessories,Neckcloths,,24
Fashion,Accessories,Beanies,,24
Fashion,Books,Fashion Books,,24
Fashion,Clothing,Shirts,Strapless Tops,23
Fashion,Accessories,,,23
Fashion,Clothing,Pants,Cargo Pants,23
Fashion,Clothing,Evening Dresses and Gowns,Ballerina Dresses,21
Fashion,Clothing,Jackets,Smoking Jackets,21
Fashion,Clothing,Day Dresses,Ballerina Day Dresses,21
Fashion,Clothing,Swimwear,Swim Trunks,20
Fashion,Clothing,Day Dresses,Tea Gowns,20
Fashion,Clothing,Skirts,Overskirts,19
Fashion,Books,Fashion,,18
Fashion,Accessories,Cloche Hats,,18
Fashion,Accessories,Muffs,,17
Fashion,Clothing,Pants,Culottes,17
Fashion,Books,Collection,,17
Fashion,Clothing,Jackets,Parkas,15
Fashion,Clothing,Skirts,Bubble Skirts,15
Fashion,Clothing,Shirts,Corsages,15
Fashion,Clothing,Skirts,Dip Hem Skirts,15
Fashion,Clothing,Day Dresses,Vintage Bridal Gowns,15
Fashion,Clothing,Jackets,Pea Coats,15
Fashion,Clothing,Lingerie,Underwear,15
Fashion,Handbags and Purses,Luggage and Travel Bags,Garment Bags,13
Fashion,Clothing,Shirts,Balloon Sleeve Blouses,13
Fashion,Clothing,Pants,Riding Pants,12
Fashion,Ephemera,Sculptures,,12
Fashion,Clothing,Evening Dresses and Gowns,Court Gowns,12
Fashion,Clothing,Shoes,Block Heel,11
Fashion,Ephemera,Children,,11
Fashion,Books,Couture,,11
Fashion,Clothing,Coats and Outerwear,Mantle Coats,11
Fashion,Clothing,Shorts,Short Suits,11
Fashion,Ephemera,Trunks and Luggage,,11
Fashion,Clothing,Lingerie,Bustles,11
Fashion,Clothing,Shorts,Sportswear,10
Fashion,Clothing,Skirts,Petticoats,10
Fashion,Clothing,Pants,Catsuits,10
Fashion,Clothing,Coats and Outerwear,Visite Jackets,10
Fashion,Clothing,Day Dresses,Greek Style Dresses,10
Fashion,Clothing,Pants,Jodhpur Pants,10
Fashion,Clothing,Pants,Overalls,10
Fashion,Clothing,Jackets,Mantle Coats,10
Fashion,Clothing,Sportswear,Ski Suits,9
Fashion,Clothing,Coats and Outerwear,Dolman Sleeve Coats,9
Fashion,Accessories,Suspenders,,9
Fashion,Accessories,Babushka,,9
Fashion,Clothing,Skirts,Peg Top Skirts,9
Fashion,Accessories,Cummerbunds,,9
Fashion,Clothing,,,9
Fashion,Clothing,Sportswear,Sunsuits,8
Fashion,Accessories,Visors,,8
Fashion,Clothing,Coats and Outerwear,Box Jackets,8
Fashion,Clothing,Jackets,Cloaks,8
Fashion,Clothing,Shirts,Bishop Sleeve Blouses,8
Fashion,Accessories,Hoods,,8
Fashion,Accessories,Fichu,,8
Fashion,Clothing,Coats and Outerwear,Military Jackets,7
Fashion,Clothing,Pants,Jumpers,7
Fashion,Clothing,Day Dresses,Nightgowns,7
Fashion,Handbags and Purses,Wallets and Small Accessories,Jewelry Rolls,7
Fashion,Ephemera,Clocks,,7
Fashion,Accessories,Braces,,7
Fashion,Clothing,Evening Dresses and Gowns,Toga Dresses,7
Fashion,Clothing,Coats and Outerwear,Topcoats,7
Fashion,Clothing,Coats and Outerwear,Greatcoats,6
Fashion,Clothing,"Suits, Outfits and Ensembles",Habits,6
Fashion,Clothing,Coats and Outerwear,Frocks,6
Fashion,Clothing,Pants,Drainpipe Jeans,6
Fashion,Clothing,Evening Dresses and Gowns,Chinese Dresses,6
Fashion,Clothing,Evening Dresses and Gowns,Peplos,6
Fashion,Clothing,Shirts,Shoulder Pads,6
Fashion,Ephemera,Vases,,6
Fashion,Accessories,Bonnets,,6
Fashion,Clothing,Shirts,Slash Sleeve Shirts,5
Fashion,Clothing,Shoes,Riding Boots,5
Fashion,Ephemera,Decorative Mounted Boxes,,5
Fashion,Clothing,Coats and Outerwear,Piano Shawls,5
Fashion,Ephemera,Umbrella Stands,,5
Fashion,Ephemera,Centerpieces,,5
Fashion,Clothing,Coats and Outerwear,Cloacks,5
Fashion,Clothing,Lingerie,Pajama Bottoms,4
Fashion,Books,Style,,4
Fashion,Accessories,Corsages,,4
Fashion,Clothing,Pants,Dungarees,4
Fashion,Clothing,Shoes,Cube Heels,4
Fashion,Clothing,Day Dresses,Cage Dresses,4
Fashion,Clothing,Evening Dresses and Gowns,Bridesmaids Dresses,4
Fashion,Clothing,Swimwear,String Bikinis,4
Fashion,Clothing,Evening Dresses and Gowns,Sac Evening Dresses,4
Fashion,Clothing,Day Dresses,Toga Dresses,4
Fashion,Clothing,Day Dresses,Princess Cut Dresses,4
Fashion,Clothing,Shirts,Bandeaus,4
Fashion,Accessories,Gauntlets,,4
Fashion,Books,Design,,3
Fashion,Clothing,Coats and Outerwear,Flight Jackets,3
Fashion,Clothing,Sportswear,Riding Clothing,3
Fashion,Clothing,Coats and Outerwear,Tailcoats,3
Fashion,Clothing,Shirts,Cholis,3
Fashion,Ephemera,Globes,,3
Fashion,Clothing,Jackets,Norfolk Cardigans,3
Fashion,Clothing,Skirts,Underskirts,3
Fashion,Clothing,Lingerie,Crinoline,3
Fashion,Accessories,Handheld Fans,,3
Fashion,Clothing,Skirts,Bib Skirts,3
Fashion,Clothing,Evening Dresses and Gowns,Directoire Style Evening Dresses,3
Fashion,Clothing,Jackets,Jerkins,3
Fashion,Clothing,Shirts,Smocks,3
Fashion,Clothing,Day Dresses,Chinese Dresses,3
Fashion,Clothing,Evening Dresses and Gowns,Peignoirs,3
Fashion,Clothing,Evening Dresses and Gowns,Sac Dresses,3
Fashion,Clothing,Day Dresses,Court Gowns,3
Fashion,Clothing,Lingerie,Shapewear,2
Fashion,Clothing,Coats and Outerwear,Safari Jackets,2
Fashion,Accessories,Contour,,2
Fashion,Books,Clothes,,2
Fashion,Clothing,Coats and Outerwear,Morning Coats,2
Fashion,Clothing,Coats and Outerwear,Baseball Jackets,2
Fashion,Ephemera,Wine Service,,2
Fashion,Clothing,Coats and Outerwear,Burnous,2
Fashion,Books,Classic,,2
Fashion,Ephemera,Teacaddies and Canisters,,2
Fashion,Accessories,Cravats,,2
Fashion,Books,Retro,,2
Fashion,Clothing,Lingerie,Girdles,2
Fashion,,,,2
Fashion,Clothing,Swimwear,Tankinis,2
Fashion,Accessories,Sashes,,2
Fashion,Clothing,Coats and Outerwear,Pelerines,2
Fashion,Clothing,Coats and Outerwear,Manteaus,2
Fashion,Books,Body,,1
Fashion,Clothing,Lingerie,Petticoats,1
Fashion,Clothing,Day Dresses,Directoire Style Dresses,1
Fashion,Ephemera,Baskets,,1
Fashion,Ephemera,Wine Coolers,,1
Fashion,Clothing,Coats and Outerwear,Bush Jackets,1
Fashion,Books,Costumes,,1
Fashion,Books,Modernist,,1
Fashion,Clothing,Coats and Outerwear,Domino Jackets,1
Fashion,Books,Wearable Art,,1
Fashion,Books,Dandy,,1
Fashion,Accessories,Canes and Walking Sticks,,1
Fashion,Clothing,Shirts,Bertha Collar Shirts,1
Fashion,Ephemera,Coatstands,,1
Fashion,Clothing,Sportswear,Surfing Clothing,1
Fashion,Ephemera,Dry Bar,,1
Fashion,Books,Softcover and Paperback,,1
Fashion,Clothing,Lingerie,Thongs,1
Fashion,Clothing,Coats and Outerwear,Directoire,1
Fashion,Ephemera,Knife Boxes,,1
Fashion,Ephemera,Rugs,,1
Fashion,Books,Vintage,,1
Fashion,Clothing,Day Dresses,Delphos Gowns,1
Fashion,Books,Avant Garde Books,,1
Fashion,Clothing,Coats and Outerwear,Chesterfield Coats,1
Fashion,Clothing,Evening Dresses and Gowns,Cage Skirts,1
Fashion,Clothing,Sportswear,Golf Apparel,1
Fashion,Clothing,Coats and Outerwear,Copes,1
Fashion,Books,Look,,1
Fashion,Clothing,Sportswear,Bowling Shirts,1
Fashion,Ephemera,,,1
Fashion,Books,Antique Books,,1
Furniture,Lighting,Chandeliers and Pendants,,59461
Furniture,Lighting,Table Lamps,,53360
Furniture,Decorative Objects,Vases and Vessels,Vases,38018
Furniture,Lighting,Wall Lights and Sconces,,35410
Furniture,Tables,Coffee and Cocktail Tables,,27510
Furniture,Rugs and Carpets,Persian Rugs,,26367
Furniture,Seating,Armchairs,,25513
Furniture,Rugs and Carpets,Turkish Rugs,,24315
Furniture,Tables,Side Tables,,23167
Furniture,Mirrors,Wall Mirrors,,22366
Furniture,Seating,Chairs,,21133
Furniture,Wall Decorations,Paintings,,19729
Furniture,Wall Decorations,Prints,,19153
Furniture,Rugs and Carpets,Indian Rugs,,18873
Furniture,Rugs and Carpets,Central Asian Rugs,,18829
Furniture,Lighting,Floor Lamps,,16800
Furniture,Tables,Dining Room Tables,,16041
Furniture,Seating,Dining Room Chairs,,15501
Furniture,Seating,Sofas,,15315
Furniture,Seating,Lounge Chairs,,15299
Furniture,Decorative Objects,Sculptures,Figurative Sculptures,14511
Furniture,Seating,Stools,,13925
Furniture,Rugs and Carpets,More Carpets,,12567
Furniture,Tables,Console Tables,,11249
Furniture,Case Pieces and Storage Cabinets,Cabinets,,10929
Furniture,More Furniture and Collectibles,Textiles,Pillows and Throws,10919
Furniture,Case Pieces and Storage Cabinets,Commodes and Chests of Drawers,,10641
Furniture,Decorative Objects,Sculptures,Animal Sculptures,10409
Furniture,Decorative Objects,Bowls and Baskets,Decorative Bowls,10254
Furniture,Wall Decorations,Posters,,8312
Furniture,Seating,Benches,,8119
Furniture,Decorative Objects,Sculptures,Abstract Sculptures,8087
Furniture,Decorative Objects,Boxes,Decorative Boxes,7487
Furniture,Tables,Tables,,7357
Furniture,Lighting,Flush Mount,,7314
Furniture,"Serveware, Ceramics, Silver and Glass",Sterling Silver,,7181
Furniture,Rugs and Carpets,Western European Rugs,,7055
Furniture,Tables,Desks and Writing Tables,,6589
Furniture,"Serveware, Ceramics, Silver and Glass",Barware,,6546
Furniture,Case Pieces and Storage Cabinets,Sideboards,,6522
Furniture,"Serveware, Ceramics, Silver and Glass",Ceramics,,6495
Furniture,"Serveware, Ceramics, Silver and Glass",Tableware,,6305
Furniture,Wall Decorations,Decorative Art,,6292
Furniture,More Furniture and Collectibles,Collectibles and Curiosities,Books,6201
Furniture,"Serveware, Ceramics, Silver and Glass",Glass,,5898
Furniture,Decorative Objects,Candle Holders,Candlesticks,5722
Furniture,Rugs and Carpets,Chinese and East Asian Rugs,,5547
Furniture,Rugs and Carpets,Moroccan and North African Rugs,,5546
Furniture,"Serveware, Ceramics, Silver and Glass",Porcelain,,5464
Furniture,More Furniture and Collectibles,Collectibles and Curiosities,Maps,5381
Furniture,Tables,End Tables,,5038
Furniture,Case Pieces and Storage Cabinets,Bookcases,,4886
Furniture,Building and Garden Elements,Fireplaces and Mantels,,4712
Furniture,More Furniture and Collectibles,Bedroom Furniture,Night Stands,4484
Furniture,Tables,Center Tables,,4439
Furniture,Seating,Side Chairs,,4347
Furniture,"Serveware, Ceramics, Silver and Glass",Platters and Serveware,,4287
Furniture,Building and Garden Elements,Fireplace Tools and Chimney Pots,,4153
Furniture,Rugs and Carpets,Russian and Scandinavian Rugs,,4141
Furniture,"Serveware, Ceramics, Silver and Glass",Serving Pieces,,4119
Furniture,Case Pieces and Storage Cabinets,Dressers,,4073
Furniture,Tables,Game Tables,,3962
Furniture,Decorative Objects,Bowls and Baskets,Decorative Dishes and Vide-Poche,3813
Furniture,Building and Garden Elements,Planters and Jardinieres,,3793
Furniture,Decorative Objects,Sculptures,Natural Specimens,3713
Furniture,Seating,Ottomans and Poufs,,3679
Furniture,Case Pieces and Storage Cabinets,Credenzas,,3662
Furniture,Wall Decorations,Wall-mounted Sculptures,,3628
Furniture,Asian Art and Furniture,Ceramics,,3614
Furniture,More Furniture and Collectibles,Bedroom Furniture,Beds and Bed Frames,3405
Furniture,Asian Art and Furniture,Sculptures and Carvings,,3326
Furniture,Rugs and Carpets,Caucasian Rugs,,3317
Furniture,Wall Decorations,Tapestries,,3206
Furniture,Building and Garden Elements,Patio and Garden Furniture,,3148
Furniture,Wall Decorations,Contemporary Art,,3117
Furniture,More Furniture and Collectibles,Racks and Stands,Coat Racks and Stands,3018
Furniture,Decorative Objects,Candle Holders,Candelabras,2969
Furniture,Case Pieces and Storage Cabinets,Shelves,,2958
Furniture,Decorative Objects,Vases and Vessels,"Planters, Cachepots and Jardinières",2908
Furniture,"Serveware, Ceramics, Silver and Glass",Centerpieces,,2885
Furniture,"Serveware, Ceramics, Silver and Glass",Dinner Plates,,2689
Furniture,Case Pieces and Storage Cabinets,Desks,,2657
Furniture,Lighting,Lanterns,,2591
Furniture,Rugs and Carpets,North and South American Rugs,,2533
Furniture,Decorative Objects,Sculptures,Busts,2455
Furniture,Building and Garden Elements,Doors and Gates,,2427
Furniture,Building and Garden Elements,Architectural Elements,,2343
Furniture,Decorative Objects,Clocks,Mantel Clocks,2220
Furniture,Case Pieces and Storage Cabinets,Buffets,,2203
Furniture,Tables,Carts and Bar Carts,,2185
Furniture,"Serveware, Ceramics, Silver and Glass",Pitchers,,2161
Furniture,"Serveware, Ceramics, Silver and Glass",Ashtrays,,2128
Furniture,Decorative Objects,Picture Frames,,2116
Furniture,Decorative Objects,Bowls and Baskets,Decorative Baskets,2115
Furniture,Decorative Objects,Vases and Vessels,Jars,2040
Furniture,Tables,Pedestals,,1988
Furniture,Decorative Objects,Vases and Vessels,Urns,1896
Furniture,Decorative Objects,Vases and Vessels,Bottles,1881
Furniture,"Serveware, Ceramics, Silver and Glass",Tea Sets,,1876
Furniture,More Furniture and Collectibles,Racks and Stands,Magazine Racks and Stands,1858
Furniture,Wall Decorations,Drawings,,1845
Furniture,Asian Art and Furniture,Antiquities,,1844
Furniture,Asian Art and Furniture,Paintings and Screens,,1826
Furniture,Asian Art and Furniture,Furniture,,1814
Furniture,Wall Decorations,Photography,,1814
Furniture,Seating,Office Chairs and Desk Chairs,,1802
Furniture,Seating,Club Chairs,,1792
Furniture,Tables,Nesting Tables and Stacking Tables,,1741
Furniture,More Furniture and Collectibles,Collectibles and Curiosities,Collectible Jewelry,1717
Furniture,Decorative Objects,Sculptures,Mounted Objects,1716
Furniture,Case Pieces and Storage Cabinets,Wardrobes and Armoires,,1694
Furniture,Asian Art and Furniture,Metalwork,,1671
Furniture,Decorative Objects,Desk Accessories,Desk Sets,1661
Furniture,Seating,Chaise Longues,,1644
Furniture,More Furniture and Collectibles,Home Accents,Screens and Room Dividers,1600
Furniture,Mirrors,Floor Mirrors and Full-Length Mirrors,,1566
Furniture,More Furniture and Collectibles,Collectibles and Curiosities,Religious Items,1555
Furniture,"Serveware, Ceramics, Silver and Glass",Serving Bowls,,1552
Furniture,Building and Garden Elements,Pedestals and Columns,,1546
Furniture,More Furniture and Collectibles,Home Accents,Bookends,1545
Furniture,Case Pieces and Storage Cabinets,Dry Bars,,1536
Furniture,Decorative Objects,Boxes,Jewelry Boxes,1526
Furniture,Seating,Living Room Sets,,1525
Furniture,Building and Garden Elements,Andirons,,1522
Furniture,"Serveware, Ceramics, Silver and Glass",Sheffield and Silverplate,,1517
Furniture,More Furniture and Collectibles,Collectibles and Curiosities,Scientific Instruments,1463
Furniture,Folk Art,Sculptures and Carvings,,1461
Furniture,Folk Art,Antiquities,,1459
Furniture,Case Pieces and Storage Cabinets,Secretaires,,1424
Furniture,"Serveware, Ceramics, Silver and Glass",Pottery,,1409
Furniture,Case Pieces and Storage Cabinets,Vitrines,,1402
Furniture,Mirrors,Table Mirrors,,1401
Furniture,More Furniture and Collectibles,Racks and Stands,Umbrella Stands,1377
Furniture,Seating,Rocking Chairs,,1364
Furniture,More Furniture and Collectibles,Collectibles and Curiosities,Models and Miniatures,1347
Furniture,More Furniture and Collectibles,Collectibles and Curiosities,Historical Memorabilia,1310
Furniture,Decorative Objects,Clocks,Table Clocks and Desk Clocks,1258
Furniture,Seating,Swivel Chairs,,1248
Furniture,Seating,Daybeds,,1216
Furniture,More Furniture and Collectibles,Collectibles and Curiosities,Tobacco Accessories,1208
Furniture,Decorative Objects,Desk Accessories,Paperweights,1195
Furniture,More Furniture and Collectibles,Collectibles and Curiosities,Sports Equipment and Memorabilia,1193
Furniture,Wall Decorations,Wallpaper,,1181
Furniture,Seating,Settees,,1171
Furniture,Decorative Objects,Clocks,Wall Clocks,1159
Furniture,Case Pieces and Storage Cabinets,Cupboards,,1149
Furniture,Seating,Sectional Sofas,,1140
Furniture,Asian Art and Furniture,Textiles,,1099
Furniture,More Furniture and Collectibles,Home Accents,Trunks and Luggage,1086
Furniture,Case Pieces and Storage Cabinets,Blanket Chests,,1070
Furniture,Folk Art,Tribal Art,,1062
Furniture,Seating,Footstools,,1052
Furniture,Tables,Gueridon,,1047
Furniture,Tables,Dining Room Sets,,1021
Furniture,Building and Garden Elements,Garden Ornaments,,1012
Furniture,Decorative Objects,Desk Accessories,Inkwells,1001
Furniture,Tables,Sofa Tables,,1000
Furniture,More Furniture and Collectibles,Collectibles and Curiosities,Nautical Objects,949
Furniture,Building and Garden Elements,Statues,,947
Furniture,Folk Art,Paintings,,943
Furniture,Tables,Tray Tables,,930
Furniture,"Serveware, Ceramics, Silver and Glass",Crystal Serveware,,918
Furniture,Tables,Card Tables and Tea Tables,,905
Furniture,Wall Decorations,Shelves and Wall Cabinets,,898
Furniture,Seating,Loveseats,,862
Furniture,Folk Art,Ceramics,,835
Furniture,Tables,Drop-leaf and Pembroke Tables,,824
Furniture,Tables,Vanities,,812
Furniture,Decorative Objects,Candle Holders,More Candle Holders,801
Furniture,Wall Decorations,Wall Brackets,,786
Furniture,Mirrors,Mantel Mirrors and Fireplace Mirrors,,782
Furniture,"Serveware, Ceramics, Silver and Glass",Delft and Faience,,778
Furniture,Tables,Serving Tables,,758
Furniture,Decorative Objects,Boxes,Snuff Boxes and Tobacco Boxes,755
Furniture,Seating,Bergere Chairs,,742
Furniture,Decorative Objects,Desk Accessories,More Desk Accessories,739
Furniture,Mirrors,Sunburst Mirrors,,737
Furniture,"Serveware, Ceramics, Silver and Glass",Wine Coolers,,736
Furniture,"Serveware, Ceramics, Silver and Glass",More Dining and Entertaining,,719
Furniture,Tables,Industrial and Work Tables,,718
Furniture,Decorative Objects,Boxes,Cigar Boxes and Humidors,712
Furniture,Seating,Wingback Chairs,,711
Furniture,Building and Garden Elements,Bathroom Fixtures,,697
Furniture,Folk Art,Rugs,,686
Furniture,Decorative Objects,Sculptures,,682
Furniture,More Furniture and Collectibles,Collectibles and Curiosities,Toys and Dolls,682
Furniture,Decorative Objects,Clocks,Grandfather Clocks and Longcase Clocks,666
Furniture,More Furniture and Collectibles,Textiles,Quilts and Blankets,660
Furniture,Lighting,More Lighting,,659
Furniture,Mirrors,Pier Mirrors and Console Mirrors,,624
Furniture,Tables,Farm Tables,,593
Furniture,Building and Garden Elements,Windows,,593
Furniture,Seating,Slipper Chairs,,586
Furniture,More Furniture and Collectibles,Collectibles and Curiosities,Musical Instruments,578
Furniture,More Furniture and Collectibles,Collectibles and Curiosities,Games,575
Furniture,Folk Art,Native American Objects,,549
Furniture,Folk Art,Signs,,539
Furniture,Building and Garden Elements,Urns,,507
Furniture,Asian Art and Furniture,Lacquer,,507
Furniture,Building and Garden Elements,Fountains,,506
Furniture,Decorative Objects,Candle Holders,Candle Lamps,506
Furniture,Case Pieces and Storage Cabinets,Corner Cupboards,,504
Furniture,Asian Art and Furniture,Prints,,472
Furniture,Mirrors,Convex Mirrors,,461
Furniture,Building and Garden Elements,Stone Sinks,,456
Furniture,Decorative Objects,Boxes,Tea Caddies,453
Furniture,More Furniture and Collectibles,Children's Furniture,,446
Furniture,Mirrors,Trumeau Mirrors,,440
Furniture,Tables,Demi-lune Tables,,440
Furniture,Tables,Dessert Tables and Tilt-top Tables,,421
Furniture,Asian Art and Furniture,Scholar's Objects,,414
Furniture,"Serveware, Ceramics, Silver and Glass",Soup Tureens,,412
Furniture,More Furniture and Collectibles,Collectibles and Curiosities,Taxidermy,410
Furniture,Folk Art,Nautical Objects,,402
Furniture,More Furniture and Collectibles,Textiles,Curtains and Valances,391
Furniture,Building and Garden Elements,Flooring,,387
Furniture,Mirrors,More Mirrors,,382
Furniture,Decorative Objects,Candle Holders,Candle Sconces,362
Furniture,Folk Art,Toys,,349
Furniture,Decorative Objects,Sculptures,Mobiles and Kinetic Sculptures,345
Furniture,Asian Art and Furniture,"More Asian Art, Objects and Furniture",,342
Furniture,More Furniture and Collectibles,Racks and Stands,Hat Racks and Stands,338
Furniture,Tables,Conference Tables,,331
Furniture,Seating,Canapes,,330
Furniture,More Furniture and Collectibles,Collectibles and Curiosities,"Arms, Armor and Weapons",326
Furniture,Case Pieces and Storage Cabinets,Apothecary Cabinets,,323
Furniture,Decorative Objects,Vases and Vessels,Garniture,319
Furniture,Decorative Objects,Candle Holders,,315
Furniture,More Furniture and Collectibles,Home Accents,Globes,313
Furniture,More Furniture and Collectibles,Bedroom Furniture,Bedroom Sets,303
Furniture,More Furniture and Collectibles,,,299
Furniture,More Furniture and Collectibles,Home Accents,Obelisks,288
Furniture,Decorative Objects,Desk Accessories,Letter Openers,279
Furniture,Folk Art,More Folk Art,,264
Furniture,Tables,Candle Stands,,251
Furniture,More Furniture and Collectibles,Collectibles and Curiosities,Architectural Models,251
Furniture,More Furniture and Collectibles,Racks and Stands,Easels,234
Furniture,Seating,Corner Chairs,,229
Furniture,Folk Art,Masks,,216
Furniture,Decorative Objects,Candle Holders,Torchères,215
Furniture,Folk Art,Quilts,,212
Furniture,Decorative Objects,Clocks,Carriage Clocks and Travel Clocks,204
Furniture,Folk Art,Painted Furniture,,203
Furniture,Seating,Windsor Chairs,,197
Furniture,Building and Garden Elements,Panelling,,194
Furniture,Tables,Lowboys,,190
Furniture,Folk Art,Political and Patriotic Memorabilia,,188
Furniture,More Furniture and Collectibles,Collectibles and Curiosities,Aviation Objects,187
Furniture,More Furniture and Collectibles,Racks and Stands,Music Stands,177
Furniture,Folk Art,Outsider and Self Taught Art,,173
Furniture,More Furniture and Collectibles,Home Accents,Ladders,159
Furniture,Folk Art,Carnival Art,,152
Furniture,Decorative Objects,Clocks,,149
Furniture,Folk Art,Game Boards,,145
Furniture,Case Pieces and Storage Cabinets,Linen Presses,,138
Furniture,"Serveware, Ceramics, Silver and Glass",Knife Boxes,,138
Furniture,"Serveware, Ceramics, Silver and Glass",Butcher Blocks,,125
Furniture,More Furniture and Collectibles,Home Accents,Bird Cages,122
Furniture,Wall Decorations,Shadow Boxes,,120
Furniture,Folk Art,Decoys,,113
Furniture,Folk Art,Weathervanes,,111
Furniture,Decorative Objects,Clocks,More Clocks,107
Furniture,Building and Garden Elements,Balustrades and Fixtures,,95
Furniture,Building and Garden Elements,Sundials,,87
Furniture,Decorative Objects,Boxes,,85
Furniture,Folk Art,Mirrors,,71
Furniture,Building and Garden Elements,Stairs,,68
Furniture,More Furniture and Collectibles,Racks and Stands,Luggage Racks,63
Furniture,Mirrors,Girandoles,,59
Furniture,More Furniture and Collectibles,Collectibles and Curiosities,,51
Furniture,Folk Art,Posters,,47
Furniture,Decorative Objects,Desk Accessories,,42
Furniture,Decorative Objects,Vases and Vessels,,37
Furniture,More Furniture and Collectibles,Bedroom Furniture,Bed Coronas,36
Furniture,Decorative Objects,,,36
Furniture,Folk Art,Primitives,,23
Furniture,More Furniture and Collectibles,Bedroom Furniture,,17
Furniture,More Furniture and Collectibles,Home Accents,,16
Furniture,Decorative Objects,Bowls and Baskets,,14
Furniture,,,,5
Furniture,Tables,,,3
Furniture,Case Pieces and Storage Cabinets,,,2
Furniture,Wall Decorations,,,2
Furniture,Mirrors,,,1
Furniture,Building and Garden Elements,,,1
Furniture,Asian Art and Furniture,,,1
Furniture,More Furniture and Collectibles,Textiles,,1
Jewelry,Necklaces,Pendant Necklaces,,38687
Jewelry,Rings,Cocktail Rings,,34900
Jewelry,Rings,Engagement Rings,,26756
Jewelry,Earrings,Stud Earrings,,18958
Jewelry,Brooches,Brooches,,18376
Jewelry,Rings,Band Rings,,18369
Jewelry,Rings,Fashion Rings,,16231
Jewelry,Earrings,Dangle Earrings,,14327
Jewelry,Loose Gemstones,,,14084
Jewelry,Earrings,Drop Earrings,,13336
Jewelry,Watches,Wrist Watches,,10164
Jewelry,Earrings,Clip-on Earrings,,10089
Jewelry,Rings,Solitaire Rings,,7478
Jewelry,Earrings,Hoop Earrings,,7297
Jewelry,Bracelets,Bangles,,7250
Jewelry,Bracelets,Tennis Bracelets,,7240
Jewelry,Rings,Cluster Rings,,6849
Jewelry,Bracelets,Link Bracelets,,6636
Jewelry,Necklaces,Chain Necklaces,,6192
Jewelry,Necklaces,Beaded Necklaces,,5501
Jewelry,Rings,Wedding Rings,,5327
Jewelry,Rings,Three-Stone Rings,,4746
Jewelry,Bracelets,Cuff Bracelets,,4391
Jewelry,Cufflinks,Cufflinks,,4340
Jewelry,Necklaces,Drop Necklaces,,4263
Jewelry,Necklaces,Choker Necklaces,,4172
Jewelry,Necklaces,Link Necklaces,,3655
Jewelry,Rings,More Rings,,3122
Jewelry,Rings,Bridal Rings,,3103
Jewelry,Bracelets,Modern Bracelets,,3008
Jewelry,Earrings,Lever-Back Earrings,,2559
Jewelry,Earrings,Chandelier Earrings,,2358
Jewelry,Bracelets,Chain Bracelets,,2261
Jewelry,Rings,Dome Rings,,2198
Jewelry,Necklaces,Multi-Strand Necklaces,,2001
Jewelry,Bracelets,Charm Bracelets,,1809
Jewelry,Rings,Signet Rings,,1706
Jewelry,Earrings,More Earrings,,1625
Jewelry,Necklaces,More Necklaces,,1608
Jewelry,More Jewelry and Watches,More Jewelry,,1278
Jewelry,Bracelets,More Bracelets,,1247
Jewelry,Bracelets,Retro Bracelets,,1195
Jewelry,Bracelets,Beaded Bracelets,,1096
Jewelry,Necklaces,Necklace Enhancers,,999
Jewelry,Objets d'Art and Vertu,Vanity Items,,856
Jewelry,Watches,Pocket Watches,,552
Jewelry,Objets d'Art and Vertu,Boxes and Cases,,459
Jewelry,Objets d'Art and Vertu,Figurines and Sculptures,,457
Jewelry,Objets d'Art and Vertu,Desk Accessories,,438
Jewelry,Necklaces,Rope Necklaces,,395
Jewelry,Bracelets,Clamper Bracelets,,317
Jewelry,"Silver, Flatware and Silverplate",Flatware and Serving Pieces,,311
Jewelry,Objets d'Art and Vertu,More Objets d'Art and Vertu,,185
Jewelry,"Silver, Flatware and Silverplate",Barware,,160
Jewelry,Objets d'Art and Vertu,Enamel Frames and Objects,,115
Jewelry,"Silver, Flatware and Silverplate",Silver Bowls,,105
Jewelry,Objets d'Art and Vertu,Models and Miniatures,,94
Jewelry,Bracelets,Anklets,,88
Jewelry,"Silver, Flatware and Silverplate",Coffee and Tea Sets,,87
Jewelry,"Silver, Flatware and Silverplate",Dinnerware and Flatware Sets,,69
Jewelry,"Silver, Flatware and Silverplate",Centerpieces and Tazzas,,59
Jewelry,"Silver, Flatware and Silverplate",Vases,,58
Jewelry,Objets d'Art and Vertu,Frames,,54
Jewelry,"Silver, Flatware and Silverplate",Platters and Trays,,54
Jewelry,"Silver, Flatware and Silverplate",Candleholders and Candelabra,,49
Jewelry,"Silver, Flatware and Silverplate",Pitchers and Decanters,,37
Jewelry,"Silver, Flatware and Silverplate","More Silver, Flatware and Silverplate",,33
Jewelry,"Silver, Flatware and Silverplate",Serving Bowls and Tureens,,32
Jewelry,"Silver, Flatware and Silverplate",Silver Chargers and Plates,,13
Jewelry,Necklaces,,,9
Jewelry,Brooches,,,4
Jewelry,More Jewelry and Watches,,,2
Jewelry,,,,2
Jewelry,Rings,,,2
Jewelry,Bracelets,,,2
Jewelry,Earrings,,,1